Person ID,Home Phone,Business Phone,Formatted Home Phone,Formatted Business Phone
75,+81 80 15812304,(81) 634981872,+81 80-1581-2304,+81 6-3498-1872
164,+81 0395115156,81  0611277774,+81 3-9511-5156,+81 6-1127-7774
82,+81 05044346467,,+81 50-4434-6467,
62,06-6081-2736,,+81 6-6081-2736,
149,,,,
178,(+81) 689962715,9031343075,+81 6-8996-2715,+81 90-3134-3075
184,81  316394630,81 08010101088,+81 3-1639-4630,+81 80-1010-1088
104,81 368558687,81 90 1201-3100,+81 3-6855-8687,+81 90-1201-3100
116,08054948854,06 22038030,+81 80-5494-8854,+81 6-2203-8030
88,3-2266-4260,,+81 3-2266-4260,
218,,346065978,,+81 3-4606-5978
298,,81037907-2112,,+81 3-7907-2112
136,81 318399641,(+81) 070 69135815,+81 3-1839-9641,+81 70-6913-5815
21,9096364974,704370-9834,+81 90-9636-4974,+81 70-4370-9834
251,(81) 08041661511,,+81 80-4166-1511,
95,6-8812 2175,81 05030982610,+81 6-8812-2175,+81 50-3098-2610
126,90 80784707,81 61395 6441,+81 90-8078-4707,+81 6-1395-6441
63,379296505,323885561,+81 3-7929-6505,+81 3-2388-5561
277,70 2238 1629,+81 70-8124 3876,+81 70-2238-1629,+81 70-8124-3876
221,+81 649061331,,+81 6-4906-1331,
191,81  09021846569,,+81 90-2184-6569,
153,,81 66822 2059,,+81 6-6822-2059
125,050 6889-2709,390363259,+81 50-6889-2709,+81 3-9036-3259
225,62985 2164,,+81 6-2985-2164,
10,81 0633882956,(81) 05017939588,+81 6-3388-2956,+81 50-1793-9588
92,,690617340,,+81 6-9061-7340
28,+81 070-98851561,80 6550-1321,+81 70-9885-1561,+81 80-6550-1321
87,(+81)  08064692915,0644308289,+81 80-6469-2915,+81 6-4430-8289
269,(81)0646099684,,+81 6-4609-9684,
224,050 3931 1262,(81)80-8788 9134,+81 50-3931-1262,+81 80-8788-9134
198,07054795820,(+81) 08031032122,+81 70-5479-5820,+81 80-3103-2122
59,(81) 05099123710,,+81 50-9912-3710,
139,08058627428,3-8882-4676,+81 80-5862-7428,+81 3-8882-4676
226,(+81)050 9050-7743,(+81) 356814353,+81 50-9050-7743,+81 3-5681-4353
25,0394507546,(+81) 031810 1132,+81 3-9450-7546,+81 3-1810-1132
200,0340886889,0707820-7706,+81 3-4088-6889,+81 70-7820-7706
228,69479 8566,325716990,+81 6-9479-8566,+81 3-2571-6990
64,5099189362,(+81) 330489881,+81 50-9918-9362,+81 3-3048-9881
227,,3 6751 1705,,+81 3-6751-1705
285,68948-2075,0706055-1238,+81 6-8948-2075,+81 70-6055-1238
220,,,,
185,(81) 369934406,,+81 3-6993-4406,
43,(81) 39869-1602,(81)323795106,+81 3-9869-1602,+81 3-2379-5106
55,+818020002947,,+81 80-2000-2947,
121,(81)  05035523865,81 392043428,+81 50-3552-3865,+81 3-9204-3428
283,,(81)90-5774-8678,,+81 90-5774-8678
196,,,,
52,(81) 08054631179,(81) 0685167508,+81 80-5463-1179,+81 6-8516-7508
262,(81) 070-5952 8764,(81)35074-9178,+81 70-5952-8764,+81 3-5074-9178
48,07054945920,(+81)629811458,+81 70-5494-5920,+81 6-2981-1458
209,,08045634705,,+81 80-4563-4705
250,6 1628-6693,,+81 6-1628-6693,
111,81 70 97212852,(81) 3 2727-6138,+81 70-9721-2852,+81 3-2727-6138
276,819011135753,,+81 90-1113-5753,
148,67662-6821,81  08058947511,+81 6-7662-6821,+81 80-5894-7511
168,(81)80 8171-5038,81  050-6344-3850,+81 80-8171-5038,+81 50-6344-3850
83,(81) 070 84748355,63932-5599,+81 70-8474-8355,+81 6-3932-5599
51,0321249713,81  37119 9694,+81 3-2124-9713,+81 3-7119-9694
204,398364639,06-69654844,+81 3-9836-4639,+81 6-6965-4844
18,5019234355,314815740,+81 50-1923-4355,+81 3-1481-5740
160,6-1241-1242,,+81 6-1241-1242,
14,(+81)  0801786 2963,0333815754,+81 80-1786-2963,+81 3-3381-5754
86,81  05098099249,(81) 696051325,+81 50-9809-9249,+81 6-9605-1325
11,,+81  0613457660,,+81 6-1345-7660
34,(+81)0668068522,(81) 080 3199-5635,+81 6-6806-8522,+81 80-3199-5635
215,(+81)  065775-8797,03-43844470,+81 6-5775-8797,+81 3-4384-4470
5,,,,
123,+81 70-4451 3399,68679-5923,+81 70-4451-3399,+81 6-8679-5923
122,05054017648,+81 05045851720,+81 50-5401-7648,+81 50-4585-1720
12,(81) 090-2202-2746,(+81)  905622-3293,+81 90-2202-2746,+81 90-5622-3293
78,(81)  08024192932,81 06 5684 7412,+81 80-2419-2932,+81 6-5684-7412
275,,+81090 1762-4580,,+81 90-1762-4580
171,8014647047,81  08026816178,+81 80-1464-7047,+81 80-2681-6178
162,08097306258,9028804620,+81 80-9730-6258,+81 90-2880-4620
194,+81  05053421586,0696341563,+81 50-5342-1586,+81 6-9634-1563
71,07016668328,81  0661079244,+81 70-1666-8328,+81 6-6107-9244
188,03-73491534,(+81) 0808844 8010,+81 3-7349-1534,+81 80-8844-8010
186,,08036529195,,+81 80-3652-9195
26,0680326147,7069034042,+81 6-8032-6147,+81 70-6903-4042
270,,(81)660605803,,+81 6-6060-5803
167,81 8034753899,,+81 80-3475-3899,
166,31734-5448,05014044285,+81 3-1734-5448,+81 50-1404-4285
212,81 5020807942,+8170 17591701,+81 50-2080-7942,+81 70-1759-1701
267,0657215715,,+81 6-5721-5715,
243,658938456,81  06 83845808,+81 6-5893-8456,+81 6-8384-5808
259,+81  671686963,,+81 6-7168-6963,
289,,+81 0670644887,,+81 6-7064-4887
144,9034353269,81 066401 6694,+81 90-3435-3269,+81 6-6401-6694
89,613246161,7073072923,+81 6-1324-6161,+81 70-7307-2923
169,(+81) 0658011878,,+81 6-5801-1878,
236,+81 6-8883-1543,(81) 09063808620,+81 6-8883-1543,+81 90-6380-8620
50,,,,
246,07033802430,632317262,+81 70-3380-2430,+81 6-3231-7262
291,0316402073,(81) 090-3997-9228,+81 3-1640-2073,+81 90-3997-9228
216,035284 4265,,+81 3-5284-4265,
98,(81)  7025513210,050 4606-3504,+81 70-2551-3210,+81 50-4606-3504
120,+81  050 79286538,(81) 09094251074,+81 50-7928-6538,+81 90-9425-1074
241,617253426,(+81) 080 8372-6339,+81 6-1725-3426,+81 80-8372-6339
280,09094603310,(+81)  070-9223-5163,+81 90-9460-3310,+81 70-9223-5163
265,,0653408033,,+81 6-5340-8033
264,5070415169,(81) 50-9353-1241,+81 50-7041-5169,+81 50-9353-1241
232,810333626767,03-6037 5288,+81 3-3362-6767,+81 3-6037-5288
244,,81 706549 4021,,+81 70-6549-4021
53,,,,
146,09023875304,050 5626-5546,+81 90-2387-5304,+81 50-5626-5546
206,(81)  3 64561739,,+81 3-6456-1739,
99,07010528321,343307998,+81 70-1052-8321,+81 3-4330-7998
202,0696461021,+81 070-6270 8556,+81 6-9646-1021,+81 70-6270-8556
140,81 0622981585,+810908871 3771,+81 6-2298-1585,+81 90-8871-3771
130,390572334,08059536941,+81 3-9057-2334,+81 80-5953-6941
58,337796271,,+81 3-3779-6271,
32,090-1325 6844,,+81 90-1325-6844,
72,,81 352751021,,+81 3-5275-1021
68,(81)  03 4038 2395,(+81) 6-72776334,+81 3-4038-2395,+81 6-7277-6334
213,9099386215,615111390,+81 90-9938-6215,+81 6-1511-1390
300,8087495432,8088455068,+81 80-8749-5432,+81 80-8845-5068
15,+81 07080341169,(81) 0368394590,+81 70-8034-1169,+81 3-6839-4590
180,+81  685386043,7069098640,+81 6-8538-6043,+81 70-6909-8640
286,685642193,,+81 6-8564-2193,
54,+81 0361982910,09015215382,+81 3-6198-2910,+81 90-1521-5382
187,3 3086-1040,090-82176780,+81 3-3086-1040,+81 90-8217-6780
192,810330697900,81 50 5784 2448,+81 3-3069-7900,+81 50-5784-2448
22,(+81) 07069834054,,+81 70-6983-4054,
67,+81  625847793,(+81)  06-6520 8347,+81 6-2584-7793,+81 6-6520-8347
223,,7076558018,,+81 70-7655-8018
103,35481-9876,81636059304,+81 3-5481-9876,+81 6-3605-9304
105,627321725,81  663659249,+81 6-2732-1725,+81 6-6365-9249
205,80 9392 7837,(+81)  8055339610,+81 80-9392-7837,+81 80-5533-9610
152,+81 90-9202 1846,7017145469,+81 90-9202-1846,+81 70-1714-5469
182,(81) 03 8432 5290,+81 70 4284-7816,+81 3-8432-5290,+81 70-4284-7816
113,5077756183,(81)  641668359,+81 50-7775-6183,+81 6-4166-8359
268,05070478177,+81 9073736653,+81 50-7047-8177,+81 90-7373-6653
242,,,,
252,050 3710 5702,+81  31469 4940,+81 50-3710-5702,+81 3-1469-4940
190,+81 0631777154,0905572-6543,+81 6-3177-7154,+81 90-5572-6543
235,,,,
24,(81) 03 41246303,3-1061 9192,+81 3-4124-6303,+81 3-1061-9192
39,80-2797 5266,(+81) 3 96194918,+81 80-2797-5266,+81 3-9619-4918
203,(+81) 08099575788,5056446925,+81 80-9957-5788,+81 50-5644-6925
129,81 0314849902,,+81 3-1484-9902,
254,09019261288,,+81 90-1926-1288,
222,5066817263,+8190 2818-9970,+81 50-6681-7263,+81 90-2818-9970
296,,3-31607359,,+81 3-3160-7359
46,7062452811,0642811148,+81 70-6245-2811,+81 6-4281-1148
106,81 03-4253-5902,9048142962,+81 3-4253-5902,+81 90-4814-2962
274,81  0629807003,05046432882,+81 6-2980-7003,+81 50-4643-2882
94,(81)070 61947626,(+81)090-9061-3043,+81 70-6194-7626,+81 90-9061-3043
134,+81 90-76557906,,+81 90-7655-7906,
255,,0905870-8214,,+81 90-5870-8214
85,+81  9077944979,313995366,+81 90-7794-4979,+81 3-1399-5366
193,81  50-8336-8840,5092562434,+81 50-8336-8840,+81 50-9256-2434
36,(+81) 380489615,(+81)  311531308,+81 3-8048-9615,+81 3-1153-1308
145,8150 6338-1947,(+81)  80 7189-1316,+81 50-6338-1947,+81 80-7189-1316
158,372355555,81  6 1651 6949,+81 3-7235-5555,+81 6-1651-6949
112,8107089241747,0623599297,+81 70-8924-1747,+81 6-2359-9297
65,,(+81) 08011752717,,+81 80-1175-2717
290,+815062428925,06-81057185,+81 50-6242-8925,+81 6-8105-7185
132,09051043138,81  0355691030,+81 90-5104-3138,+81 3-5569-1030
293,334592908,+81 0352586121,+81 3-3459-2908,+81 3-5258-6121
261,0647731412,81 803460 4885,+81 6-4773-1412,+81 80-3460-4885
45,5066952350,+810315789786,+81 50-6695-2350,+81 3-1578-9786
219,(81)8052594365,81699691798,+81 80-5259-4365,+81 6-9969-1798
2,393803709,0383945754,+81 3-9380-3709,+81 3-8394-5754
29,81 0688234302,,+81 6-8823-4302,
179,0804668 7603,(+81)0807120 4423,+81 80-4668-7603,+81 80-7120-4423
282,,(81)  70-32477983,,+81 70-3247-7983
271,,0317037873,,+81 3-1703-7873
16,(+81)  50 7105 6563,,+81 50-7105-6563,
3,06-16191930,81  080-98746530,+81 6-1619-1930,+81 80-9874-6530
292,(81) 03 8428-4017,81 09088173990,+81 3-8428-4017,+81 90-8817-3990
49,318216408,,+81 3-1821-6408,
4,,,,
253,,,,
141,(+81) 6 1874-5769,356288953,+81 6-1874-5769,+81 3-5628-8953
90,05050098859,50 20014325,+81 50-5009-8859,+81 50-2001-4325
240,612535399,0664303276,+81 6-1253-5399,+81 6-6430-3276
278,327183904,09030046965,+81 3-2718-3904,+81 90-3004-6965
163,(81) 0365015255,5017653799,+81 3-6501-5255,+81 50-1765-3799
211,,(81)0688515420,,+81 6-8851-5420
19,(81)  697281897,5046523054,+81 6-9728-1897,+81 50-4652-3054
260,+81  50 79683946,6-5817 4907,+81 50-7968-3946,+81 6-5817-4907
249,(+81) 378099354,+81 70 17004495,+81 3-7809-9354,+81 70-1700-4495
42,81399677464,(81)  8014962609,+81 3-9967-7464,+81 80-1496-2609
57,(81) 70 14898960,,+81 70-1489-8960,
177,,(+81) 03-3851 6282,,+81 3-3851-6282
77,,3 1532-3577,,+81 3-1532-3577
91,03 28033529,81  0341302489,+81 3-2803-3529,+81 3-4130-2489
7,(81) 9081834225,05054097192,+81 90-8183-4225,+81 50-5409-7192
20,0696632678,818033599708,+81 6-9663-2678,+81 80-3359-9708
258,80-7315-4708,383213877,+81 80-7315-4708,+81 3-8321-3877
288,(81) 8082414379,0698662834,+81 80-8241-4379,+81 6-9866-2834
137,7068925059,07082602206,+81 70-6892-5059,+81 70-8260-2206
97,+81 0319027463,,+81 3-1902-7463,
143,03-71362224,8013933503,+81 3-7136-2224,+81 80-1393-3503
295,032069 7807,(81)  393462036,+81 3-2069-7807,+81 3-9346-2036
69,(81) 90-22633297,09069767493,+81 90-2263-3297,+81 90-6976-7493
76,663618383,,+81 6-6361-8383,
128,+81  06 7903 2267,81678486472,+81 6-7903-2267,+81 6-7848-6472
210,(+81)  346987800,(+81)0357952397,+81 3-4698-7800,+81 3-5795-2397
170,8020327783,9015884552,+81 80-2032-7783,+81 90-1588-4552
201,,+81 06 5702 4942,,+81 6-5702-4942
229,09015774468,0381791605,+81 90-1577-4468,+81 3-8179-1605
40,(81)8093525547,6-5593-7574,+81 80-9352-5547,+81 6-5593-7574
230,+81  904462 1811,(81)06 3730-9952,+81 90-4462-1811,+81 6-3730-9952
266,,50 1396 5920,,+81 50-1396-5920
73,6 45399927,9025621978,+81 6-4539-9927,+81 90-2562-1978
44,324111631,,+81 3-2411-1631,
287,+81 07048419928,(81)0612805813,+81 70-4841-9928,+81 6-1280-5813
117,08051848577,0353892879,+81 80-5184-8577,+81 3-5389-2879
197,0610546542,+81  8085191429,+81 6-1054-6542,+81 80-8519-1429
1,815023142015,625368564,+81 50-2314-2015,+81 6-2536-8564
234,,,,
294,(81) 0337688453,81  8080679174,+81 3-3768-8453,+81 80-8067-9174
248,(81) 5022072354,,+81 50-2207-2354,
100,3 9883 2091,0314349769,+81 3-9883-2091,+81 3-1434-9769
56,0629404087,645013211,+81 6-2940-4087,+81 6-4501-3211
133,,815094141264,,+81 50-9414-1264
101,07019577476,,+81 70-1957-7476,
176,(+81)03 8260 3734,+81090-79969377,+81 3-8260-3734,+81 90-7996-9377
119,8048689303,5057647684,+81 80-4868-9303,+81 50-5764-7684
247,(+81) 805816 2948,+81  03-71624552,+81 80-5816-2948,+81 3-7162-4552
38,(+81)  0694009828,(+81) 09024053373,+81 6-9400-9828,+81 90-2405-3373
239,(+81) 050-1947-8570,+81  5042887642,+81 50-1947-8570,+81 50-4288-7642
231,8035584302,,+81 80-3558-4302,
30,81 080 4144-1214,5015261005,+81 80-4144-1214,+81 50-1526-1005
157,03-4681-4197,(81) 0352937735,+81 3-4681-4197,+81 3-5293-7735
47,,06 49387418,,+81 6-4938-7418
66,+81 340892464,,+81 3-4089-2464,
284,,,,
257,,6-63109662,,+81 6-6310-9662
154,81  08065259100,(81) 90 70633430,+81 80-6525-9100,+81 90-7063-3430
175,63427-1381,8109059371654,+81 6-3427-1381,+81 90-5937-1654
37,81  33242 2552,,+81 3-3242-2552,
138,039833-9404,653647377,+81 3-9833-9404,+81 6-5364-7377
70,(+81)  07017525664,7085325115,+81 70-1752-5664,+81 70-8532-5115
217,(81) 06 99567714,(+81)  3-28059949,+81 6-9956-7714,+81 3-2805-9949
127,+81  50 8570 6633,05067264899,+81 50-8570-6633,+81 50-6726-4899
161,(+81)  3 6152 5274,8085503388,+81 3-6152-5274,+81 80-8550-3388
159,+81 050 1600 4361,(+81) 807068-7657,+81 50-1600-4361,+81 80-7068-7657
165,0318971031,8036489352,+81 3-1897-1031,+81 80-3648-9352
102,+81 646552142,,+81 6-4655-2142,
299,(+81) 0347661060,08016418107,+81 3-4766-1060,+81 80-1641-8107
147,(81) 0391373375,693073242,+81 3-9137-3375,+81 6-9307-3242
31,81 0346095692,08064007765,+81 3-4609-5692,+81 80-6400-7765
172,06-2443-3220,03-11222466,+81 6-2443-3220,+81 3-1122-2466
214,(81)  0682219320,,+81 6-8221-9320,
114,8133337-9706,818051485313,+81 3-3337-9706,+81 80-5148-5313
8,08065995746,64604 5957,+81 80-6599-5746,+81 6-4604-5957
207,(81)  07092624254,,+81 70-9262-4254,
110,+818079354457,0616262074,+81 80-7935-4457,+81 6-1626-2074
155,81 903688 2101,330909174,+81 90-3688-2101,+81 3-3090-9174
109,070-4563 2482,08071894752,+81 70-4563-2482,+81 80-7189-4752
118,(+81) 31386 4377,(81)64008-5221,+81 3-1386-4377,+81 6-4008-5221
233,6 6240 3451,0666987410,+81 6-6240-3451,+81 6-6698-7410
181,080 4453 5597,+81 0702832 2747,+81 80-4453-5597,+81 70-2832-2747
35,05086991896,81 08097295656,+81 50-8699-1896,+81 80-9729-5656
41,81  685416319,,+81 6-8541-6319,
256,090 8520 8768,9083536151,+81 90-8520-8768,+81 90-8353-6151
135,08057138363,03 5496 5621,+81 80-5713-8363,+81 3-5496-5621
279,,+81 6 7953-3345,,+81 6-7953-3345
150,+8103 23568919,(+81)3 83298378,+81 3-2356-8919,+81 3-8329-8378
108,,+81702825 4234,,+81 70-2825-4234
273,070-4998 9826,81630781857,+81 70-4998-9826,+81 6-3078-1857
199,,+81 0632285837,,+81 6-3228-5837
183,638458178,3 39918694,+81 6-3845-8178,+81 3-3991-8694
297,81  0374007190,(81)  0637482880,+81 3-7400-7190,+81 6-3748-2880
173,901327-5796,07023193396,+81 90-1327-5796,+81 70-2319-3396
17,0398863598,81 080 8887 9660,+81 3-9886-3598,+81 80-8887-9660
9,+81070-2450-4426,08051063264,+81 70-2450-4426,+81 80-5106-3264
84,0631975400,665127536,+81 6-3197-5400,+81 6-6512-7536
174,,0367564373,,+81 3-6756-4373
74,070 1739-8054,+81 3-21657845,+81 70-1739-8054,+81 3-2165-7845
81,(+81) 6 94452967,050-1704 3576,+81 6-9445-2967,+81 50-1704-3576
107,(+81) 3-8057-5705,,+81 3-8057-5705,
80,81 506401-6019,,+81 50-6401-6019,
115,323518679,(81) 0506472-6931,+81 3-2351-8679,+81 50-6472-6931
27,+81 08046236384,5071527434,+81 80-4623-6384,+81 50-7152-7434
79,(+81)325379077,0688597046,+81 3-2537-9077,+81 6-8859-7046
156,36374-9635,3 6694 1309,+81 3-6374-9635,+81 3-6694-1309
131,90-11712217,8109061607233,+81 90-1171-2217,+81 90-6160-7233
237,,090 4288 1066,,+81 90-4288-1066
263,657635446,81 80-6339-8048,+81 6-5763-5446,+81 80-6339-8048
272,81  0363071832,0507016 5283,+81 3-6307-1832,+81 50-7016-5283
238,,0395379884,,+81 3-9537-9884
33,(81) 3-57806795,6-5148 4573,+81 3-5780-6795,+81 6-5148-4573
195,(+81)333257097,+81902515-1625,+81 3-3325-7097,+81 90-2515-1625
60,(+81)805781 9406,+81 5044528519,+81 80-5781-9406,+81 50-4452-8519
93,7081274678,(+81)  90 4809-7904,+81 70-8127-4678,+81 90-4809-7904
281,81  09094501595,62918-7695,+81 90-9450-1595,+81 6-2918-7695
6,09034078022,81 0622057490,+81 90-3407-8022,+81 6-2205-7490
23,,9091751018,,+81 90-9175-1018
142,37167 5010,0388239573,+81 3-7167-5010,+81 3-8823-9573
189,,09081077695,,+81 90-8107-7695
124,05023424349,09066406416,+81 50-2342-4349,+81 90-6640-6416
61,0381525848,,+81 3-8152-5848,
96,(+81)080 68098843,81 050-68198950,+81 80-6809-8843,+81 50-6819-8950
245,6-5300 1983,,+81 6-5300-1983,
13,90 5415-3066,,+81 90-5415-3066,
208,+81  70 26884640,(81) 032006-1185,+81 70-2688-4640,+81 3-2006-1185
151,81 05062853576,81 032200-5389,+81 50-6285-3576,+81 3-2200-5389
